Neighborhoods,Address
Alexandra Park,"Alexandra Park,San Diego,CA"
Allenby,"Allenby,San Diego,CA"
The Annex,"The Annex,San Diego,CA"
The Beaches,"The Beaches,San Diego,CA"
Bedford Park,"Bedford Park,San Diego,CA"
Bickford Park,"Bickford Park,San Diego,CA"
Bloor West Village,"Bloor West Village,San Diego,CA"
Bloor Street Culture Corridor,"Bloor Street Culture Corridor,San Diego,CA"
Bloordale Village,"Bloordale Village,San Diego,CA"
Bracondale Hill,"Bracondale Hill,San Diego,CA"
Brockton Village,"Brockton Village,San Diego,CA"
Cabbagetown,"Cabbagetown,San Diego,CA"
Carleton Village,"Carleton Village,San Diego,CA"
Casa Loma,"Casa Loma,San Diego,CA"
Chaplin Estates,"Chaplin Estates,San Diego,CA"
Chinatown,"Chinatown,San Diego,CA"
First Chinatown,"First Chinatown,San Diego,CA"
Christie Pits,"Christie Pits,San Diego,CA"
Church and Wellesley,"Church and Wellesley,San Diego,CA"
CityPlace,"CityPlace,San Diego,CA"
Corktown,"Corktown,San Diego,CA"
Corso Italia,"Corso Italia,San Diego,CA"
Corso Italia-Davenport,"Corso Italia-Davenport,San Diego,CA"
Davenport,"Davenport,San Diego,CA"
Davisville Village,"Davisville Village,San Diego,CA"
Deer Park,"Deer Park,San Diego,CA"
Discovery District,"Discovery District,San Diego,CA"
Distillery District,"Distillery District,San Diego,CA"
Downtown Yonge,"Downtown Yonge,San Diego,CA"
Dovercourt Park,"Dovercourt Park,San Diego,CA"
Dufferin Grove,"Dufferin Grove,San Diego,CA"
Earlscourt,"Earlscourt,San Diego,CA"
East Bayfront,"East Bayfront,San Diego,CA"
East Chinatown,"East Chinatown,San Diego,CA"
East Danforth,"East Danforth,San Diego,CA"
East Toronto,"East Toronto,San Diego,CA"
Entertainment District,"Entertainment District,San Diego,CA"
Fashion District,"Fashion District,San Diego,CA"
Financial District,"Financial District,San Diego,CA"
Forest Hill,"Forest Hill,San Diego,CA"
Garden District,"Garden District,San Diego,CA"
Gerrard India Bazaar,"Gerrard India Bazaar,San Diego,CA"
Grange Park,"Grange Park,San Diego,CA"
Greektown,"Greektown,San Diego,CA"
Harbord Village,"Harbord Village,San Diego,CA"
Harbourfront,"Harbourfront,San Diego,CA"
High Park North,"High Park North,San Diego,CA"
The Junction,"The Junction,San Diego,CA"
Junction Triangle,"Junction Triangle,San Diego,CA"
Kensington Market,"Kensington Market,San Diego,CA"
Koreatown,"Koreatown,San Diego,CA"
Lawrence Park,"Lawrence Park,San Diego,CA"
Leslieville,"Leslieville,San Diego,CA"
Liberty Village,"Liberty Village,San Diego,CA"
Little Italy,"Little Italy,San Diego,CA"
Little Portugal,"Little Portugal,San Diego,CA"
Little Tibet,"Little Tibet,San Diego,CA"
Lytton Park,"Lytton Park,San Diego,CA"
Midtown,"Midtown,San Diego,CA"
Moore Park,"Moore Park,San Diego,CA"
Moss Park,"Moss Park,San Diego,CA"
Niagara,"Niagara,San Diego,CA"
North Toronto,"North Toronto,San Diego,CA"
Norway,"Norway,San Diego,CA"
Old Town,"Old Town,San Diego,CA"
Palmerston,"Palmerston,San Diego,CA"
Parkdale,"Parkdale,San Diego,CA"
Playter Estates,"Playter Estates,San Diego,CA"
Port Lands,"Port Lands,San Diego,CA"
Quayside,"Quayside,San Diego,CA"
Queen Street West,"Queen Street West,San Diego,CA"
Railway Lands,"Railway Lands,San Diego,CA"
Regent Park,"Regent Park,San Diego,CA"
Riverdale,"Riverdale,San Diego,CA"
Roncesvalles,"Roncesvalles,San Diego,CA"
Rosedale,"Rosedale,San Diego,CA"
Runnymede,"Runnymede,San Diego,CA"
St. James Town,"St. James Town,San Diego,CA"
St. Lawrence,"St. Lawrence,San Diego,CA"
Seaton Village,"Seaton Village,San Diego,CA"
South Hill,"South Hill,San Diego,CA"
South Core,"South Core,San Diego,CA"
Summerhill,"Summerhill,San Diego,CA"
Swansea,"Swansea,San Diego,CA"
Toronto Islands,"Toronto Islands,San Diego,CA"
Trefann Court,"Trefann Court,San Diego,CA"
Trinity-Bellwoods,"Trinity-Bellwoods,San Diego,CA"
Upper Beaches,"Upper Beaches,San Diego,CA"
Uptown Toronto,"Uptown Toronto,San Diego,CA"
Wallace Emerson,"Wallace Emerson,San Diego,CA"
The Ward,"The Ward,San Diego,CA"
West Don Lands,"West Don Lands,San Diego,CA"
Wychwood Park,"Wychwood Park,San Diego,CA"
Yonge–Eglinton,"Yonge–Eglinton,San Diego,CA"
Yorkville,"Yorkville,San Diego,CA"
Agincourt,"Agincourt,San Diego,CA"
Armadale,"Armadale,San Diego,CA"
Bendale,"Bendale,San Diego,CA"
Birch Cliff,"Birch Cliff,San Diego,CA"
Brown's Corners,"Brown's Corners,San Diego,CA"
Clairlea,"Clairlea,San Diego,CA"
Cliffcrest,"Cliffcrest,San Diego,CA"
Cliffside,"Cliffside,San Diego,CA"
Dorset Park,"Dorset Park,San Diego,CA"
Eglinton East,"Eglinton East,San Diego,CA"
Golden Mile,"Golden Mile,San Diego,CA"
Guildwood,"Guildwood,San Diego,CA"
Highland Creek,"Highland Creek,San Diego,CA"
Ionview,"Ionview,San Diego,CA"
L'Amoreaux,"L'Amoreaux,San Diego,CA"
Malvern,"Malvern,San Diego,CA"
Maryvale,"Maryvale,San Diego,CA"
Milliken,"Milliken,San Diego,CA"
Morningside,"Morningside,San Diego,CA"
Morningside Heights,"Morningside Heights,San Diego,CA"
Oakridge,"Oakridge,San Diego,CA"
Port Union,"Port Union,San Diego,CA"
Rouge,"Rouge,San Diego,CA"
Scarborough City Centre,"Scarborough City Centre,San Diego,CA"
Scarborough Junction,"Scarborough Junction,San Diego,CA"
Scarborough Village,"Scarborough Village,San Diego,CA"
Steeles,"Steeles,San Diego,CA"
Tam O'Shanter-Sullivan,"Tam O'Shanter-Sullivan,San Diego,CA"
West Hill,"West Hill,San Diego,CA"
West Rouge,"West Rouge,San Diego,CA"
Wexford,"Wexford,San Diego,CA"
Woburn,"Woburn,San Diego,CA"
Baby Point,"Baby Point,San Diego,CA"
Fairbank,"Fairbank,San Diego,CA"
Humewood–Cedarvale,"Humewood–Cedarvale,San Diego,CA"
Lambton,"Lambton,San Diego,CA"
Little Jamaica,"Little Jamaica,San Diego,CA"
Mount Dennis,"Mount Dennis,San Diego,CA"
Oakwood Village,"Oakwood Village,San Diego,CA"
Old Mill,"Old Mill,San Diego,CA"
Rockcliffe-Smythe,"Rockcliffe-Smythe,San Diego,CA"
Silverthorn,"Silverthorn,San Diego,CA"
Tichester,"Tichester,San Diego,CA"
Weston,"Weston,San Diego,CA"
Amesbury,"Amesbury,San Diego,CA"
Armour Heights,"Armour Heights,San Diego,CA"
Bathurst Manor,"Bathurst Manor,San Diego,CA"
Bayview Village,"Bayview Village,San Diego,CA"
Bayview Woods-Steeles,"Bayview Woods-Steeles,San Diego,CA"
Bermondsey,"Bermondsey,San Diego,CA"
Bridle Path,"Bridle Path,San Diego,CA"
Clanton Park,"Clanton Park,San Diego,CA"
Don Mills,"Don Mills,San Diego,CA"
Don Valley Village,"Don Valley Village,San Diego,CA"
Downsview,"Downsview,San Diego,CA"
Flemingdon Park,"Flemingdon Park,San Diego,CA"
Glen Park,"Glen Park,San Diego,CA"
Graydon Hall,"Graydon Hall,San Diego,CA"
Henry Farm,"Henry Farm,San Diego,CA"
Hillcrest Village,"Hillcrest Village,San Diego,CA"
Hoggs Hollow,"Hoggs Hollow,San Diego,CA"
Humber Summit,"Humber Summit,San Diego,CA"
Humbermede,"Humbermede,San Diego,CA"
Jane and Finch,"Jane and Finch,San Diego,CA"
Lansing,"Lansing,San Diego,CA"
Lawrence Heights,"Lawrence Heights,San Diego,CA"
Lawrence Manor,"Lawrence Manor,San Diego,CA"
Maple Leaf,"Maple Leaf,San Diego,CA"
Newtonbrook,"Newtonbrook,San Diego,CA"
North York City Centre,"North York City Centre,San Diego,CA"
Parkway Forest,"Parkway Forest,San Diego,CA"
Parkwoods,"Parkwoods,San Diego,CA"
Pelmo Park-Humberlea,"Pelmo Park-Humberlea,San Diego,CA"
Pleasant View,"Pleasant View,San Diego,CA"
Rustic,"Rustic,San Diego,CA"
Teddington Park,"Teddington Park,San Diego,CA"
Victoria Village,"Victoria Village,San Diego,CA"
Westminster-Branson,"Westminster-Branson,San Diego,CA"
Willowdale,"Willowdale,San Diego,CA"
York Mills,"York Mills,San Diego,CA"
York University Heights,"York University Heights,San Diego,CA"
Alderwood,"Alderwood,San Diego,CA"
Clairville,"Clairville,San Diego,CA"
Eatonville,"Eatonville,San Diego,CA"
The Elms,"The Elms,San Diego,CA"
Eringate-Centennial-West Deane,"Eringate-Centennial-West Deane,San Diego,CA"
Humber Heights-Westmount,"Humber Heights-Westmount,San Diego,CA"
Humber Valley Village,"Humber Valley Village,San Diego,CA"
Humberwood,"Humberwood,San Diego,CA"
Islington-City Centre West,"Islington-City Centre West,San Diego,CA"
Kingsview Village,"Kingsview Village,San Diego,CA"
The Kingsway,"The Kingsway,San Diego,CA"
Long Branch,"Long Branch,San Diego,CA"
Markland Wood,"Markland Wood,San Diego,CA"
Mimico,"Mimico,San Diego,CA"
New Toronto,"New Toronto,San Diego,CA"
Princess Gardens,"Princess Gardens,San Diego,CA"
Rexdale,"Rexdale,San Diego,CA"
Richview,"Richview,San Diego,CA"
The Queensway-Humber Bay,"The Queensway-Humber Bay,San Diego,CA"
Smithfield,"Smithfield,San Diego,CA"
Thistletown,"Thistletown,San Diego,CA"
Bermondsey,"Bermondsey,San Diego,CA"
Crescent Town,"Crescent Town,San Diego,CA"
Governor's Bridge,"Governor's Bridge,San Diego,CA"
Leaside,"Leaside,San Diego,CA"
O'Connor-Parkview,"O'Connor-Parkview,San Diego,CA"
Old East York,"Old East York,San Diego,CA"
Pape Village,"Pape Village,San Diego,CA"
Thorncliffe Park,"Thorncliffe Park,San Diego,CA"
