Neighborhoods,Address
Alexandra Park,"Alexandra Park,Toronto,Ontario"
Allenby,"Allenby,Toronto,Ontario"
The Annex,"The Annex,Toronto,Ontario"
The Beaches,"The Beaches,Toronto,Ontario"
Bedford Park,"Bedford Park,Toronto,Ontario"
Bickford Park,"Bickford Park,Toronto,Ontario"
Bloor West Village,"Bloor West Village,Toronto,Ontario"
Bloor Street Culture Corridor,"Bloor Street Culture Corridor,Toronto,Ontario"
Bloordale Village,"Bloordale Village,Toronto,Ontario"
Bracondale Hill,"Bracondale Hill,Toronto,Ontario"
Brockton Village,"Brockton Village,Toronto,Ontario"
Cabbagetown,"Cabbagetown,Toronto,Ontario"
Carleton Village,"Carleton Village,Toronto,Ontario"
Casa Loma,"Casa Loma,Toronto,Ontario"
Chaplin Estates,"Chaplin Estates,Toronto,Ontario"
Chinatown,"Chinatown,Toronto,Ontario"
First Chinatown,"First Chinatown,Toronto,Ontario"
Christie Pits,"Christie Pits,Toronto,Ontario"
Church and Wellesley,"Church and Wellesley,Toronto,Ontario"
CityPlace,"CityPlace,Toronto,Ontario"
Corktown,"Corktown,Toronto,Ontario"
Corso Italia,"Corso Italia,Toronto,Ontario"
Corso Italia-Davenport,"Corso Italia-Davenport,Toronto,Ontario"
Davenport,"Davenport,Toronto,Ontario"
Davisville Village,"Davisville Village,Toronto,Ontario"
Deer Park,"Deer Park,Toronto,Ontario"
Discovery District,"Discovery District,Toronto,Ontario"
Distillery District,"Distillery District,Toronto,Ontario"
Downtown Yonge,"Downtown Yonge,Toronto,Ontario"
Dovercourt Park,"Dovercourt Park,Toronto,Ontario"
Dufferin Grove,"Dufferin Grove,Toronto,Ontario"
Earlscourt,"Earlscourt,Toronto,Ontario"
East Bayfront,"East Bayfront,Toronto,Ontario"
East Chinatown,"East Chinatown,Toronto,Ontario"
East Danforth,"East Danforth,Toronto,Ontario"
East Toronto,"East Toronto,Toronto,Ontario"
Entertainment District,"Entertainment District,Toronto,Ontario"
Fashion District,"Fashion District,Toronto,Ontario"
Financial District,"Financial District,Toronto,Ontario"
Forest Hill,"Forest Hill,Toronto,Ontario"
Garden District,"Garden District,Toronto,Ontario"
Gerrard India Bazaar,"Gerrard India Bazaar,Toronto,Ontario"
Grange Park,"Grange Park,Toronto,Ontario"
Greektown,"Greektown,Toronto,Ontario"
Harbord Village,"Harbord Village,Toronto,Ontario"
Harbourfront,"Harbourfront,Toronto,Ontario"
High Park North,"High Park North,Toronto,Ontario"
The Junction,"The Junction,Toronto,Ontario"
Junction Triangle,"Junction Triangle,Toronto,Ontario"
Kensington Market,"Kensington Market,Toronto,Ontario"
Koreatown,"Koreatown,Toronto,Ontario"
Lawrence Park,"Lawrence Park,Toronto,Ontario"
Leslieville,"Leslieville,Toronto,Ontario"
Liberty Village,"Liberty Village,Toronto,Ontario"
Little Italy,"Little Italy,Toronto,Ontario"
Little Portugal,"Little Portugal,Toronto,Ontario"
Little Tibet,"Little Tibet,Toronto,Ontario"
Lytton Park,"Lytton Park,Toronto,Ontario"
Midtown,"Midtown,Toronto,Ontario"
Moore Park,"Moore Park,Toronto,Ontario"
Moss Park,"Moss Park,Toronto,Ontario"
Niagara,"Niagara,Toronto,Ontario"
North Toronto,"North Toronto,Toronto,Ontario"
Norway,"Norway,Toronto,Ontario"
Old Town,"Old Town,Toronto,Ontario"
Palmerston,"Palmerston,Toronto,Ontario"
Parkdale,"Parkdale,Toronto,Ontario"
Playter Estates,"Playter Estates,Toronto,Ontario"
Port Lands,"Port Lands,Toronto,Ontario"
Quayside,"Quayside,Toronto,Ontario"
Queen Street West,"Queen Street West,Toronto,Ontario"
Railway Lands,"Railway Lands,Toronto,Ontario"
Regent Park,"Regent Park,Toronto,Ontario"
Riverdale,"Riverdale,Toronto,Ontario"
Roncesvalles,"Roncesvalles,Toronto,Ontario"
Rosedale,"Rosedale,Toronto,Ontario"
Runnymede,"Runnymede,Toronto,Ontario"
St. James Town,"St. James Town,Toronto,Ontario"
St. Lawrence,"St. Lawrence,Toronto,Ontario"
Seaton Village,"Seaton Village,Toronto,Ontario"
South Hill,"South Hill,Toronto,Ontario"
South Core,"South Core,Toronto,Ontario"
Summerhill,"Summerhill,Toronto,Ontario"
Swansea,"Swansea,Toronto,Ontario"
Toronto Islands,"Toronto Islands,Toronto,Ontario"
Trefann Court,"Trefann Court,Toronto,Ontario"
Trinity-Bellwoods,"Trinity-Bellwoods,Toronto,Ontario"
Upper Beaches,"Upper Beaches,Toronto,Ontario"
Uptown Toronto,"Uptown Toronto,Toronto,Ontario"
Wallace Emerson,"Wallace Emerson,Toronto,Ontario"
The Ward,"The Ward,Toronto,Ontario"
West Don Lands,"West Don Lands,Toronto,Ontario"
Wychwood Park,"Wychwood Park,Toronto,Ontario"
Yonge–Eglinton,"Yonge–Eglinton,Toronto,Ontario"
Yorkville,"Yorkville,Toronto,Ontario"
Agincourt,"Agincourt,Toronto,Ontario"
Armadale,"Armadale,Toronto,Ontario"
Bendale,"Bendale,Toronto,Ontario"
Birch Cliff,"Birch Cliff,Toronto,Ontario"
Brown's Corners,"Brown's Corners,Toronto,Ontario"
Clairlea,"Clairlea,Toronto,Ontario"
Cliffcrest,"Cliffcrest,Toronto,Ontario"
Cliffside,"Cliffside,Toronto,Ontario"
Dorset Park,"Dorset Park,Toronto,Ontario"
Eglinton East,"Eglinton East,Toronto,Ontario"
Golden Mile,"Golden Mile,Toronto,Ontario"
Guildwood,"Guildwood,Toronto,Ontario"
Highland Creek,"Highland Creek,Toronto,Ontario"
Ionview,"Ionview,Toronto,Ontario"
L'Amoreaux,"L'Amoreaux,Toronto,Ontario"
Malvern,"Malvern,Toronto,Ontario"
Maryvale,"Maryvale,Toronto,Ontario"
Milliken,"Milliken,Toronto,Ontario"
Morningside,"Morningside,Toronto,Ontario"
Morningside Heights,"Morningside Heights,Toronto,Ontario"
Oakridge,"Oakridge,Toronto,Ontario"
Port Union,"Port Union,Toronto,Ontario"
Rouge,"Rouge,Toronto,Ontario"
Scarborough City Centre,"Scarborough City Centre,Toronto,Ontario"
Scarborough Junction,"Scarborough Junction,Toronto,Ontario"
Scarborough Village,"Scarborough Village,Toronto,Ontario"
Steeles,"Steeles,Toronto,Ontario"
Tam O'Shanter-Sullivan,"Tam O'Shanter-Sullivan,Toronto,Ontario"
West Hill,"West Hill,Toronto,Ontario"
West Rouge,"West Rouge,Toronto,Ontario"
Wexford,"Wexford,Toronto,Ontario"
Woburn,"Woburn,Toronto,Ontario"
Baby Point,"Baby Point,Toronto,Ontario"
Fairbank,"Fairbank,Toronto,Ontario"
Humewood–Cedarvale,"Humewood–Cedarvale,Toronto,Ontario"
Lambton,"Lambton,Toronto,Ontario"
Little Jamaica,"Little Jamaica,Toronto,Ontario"
Mount Dennis,"Mount Dennis,Toronto,Ontario"
Oakwood Village,"Oakwood Village,Toronto,Ontario"
Old Mill,"Old Mill,Toronto,Ontario"
Rockcliffe-Smythe,"Rockcliffe-Smythe,Toronto,Ontario"
Silverthorn,"Silverthorn,Toronto,Ontario"
Tichester,"Tichester,Toronto,Ontario"
Weston,"Weston,Toronto,Ontario"
Amesbury,"Amesbury,Toronto,Ontario"
Armour Heights,"Armour Heights,Toronto,Ontario"
Bathurst Manor,"Bathurst Manor,Toronto,Ontario"
Bayview Village,"Bayview Village,Toronto,Ontario"
Bayview Woods-Steeles,"Bayview Woods-Steeles,Toronto,Ontario"
Bermondsey,"Bermondsey,Toronto,Ontario"
Bridle Path,"Bridle Path,Toronto,Ontario"
Clanton Park,"Clanton Park,Toronto,Ontario"
Don Mills,"Don Mills,Toronto,Ontario"
Don Valley Village,"Don Valley Village,Toronto,Ontario"
Downsview,"Downsview,Toronto,Ontario"
Flemingdon Park,"Flemingdon Park,Toronto,Ontario"
Glen Park,"Glen Park,Toronto,Ontario"
Graydon Hall,"Graydon Hall,Toronto,Ontario"
Henry Farm,"Henry Farm,Toronto,Ontario"
Hillcrest Village,"Hillcrest Village,Toronto,Ontario"
Hoggs Hollow,"Hoggs Hollow,Toronto,Ontario"
Humber Summit,"Humber Summit,Toronto,Ontario"
Humbermede,"Humbermede,Toronto,Ontario"
Jane and Finch,"Jane and Finch,Toronto,Ontario"
Lansing,"Lansing,Toronto,Ontario"
Lawrence Heights,"Lawrence Heights,Toronto,Ontario"
Lawrence Manor,"Lawrence Manor,Toronto,Ontario"
Maple Leaf,"Maple Leaf,Toronto,Ontario"
Newtonbrook,"Newtonbrook,Toronto,Ontario"
North York City Centre,"North York City Centre,Toronto,Ontario"
Parkway Forest,"Parkway Forest,Toronto,Ontario"
Parkwoods,"Parkwoods,Toronto,Ontario"
Pelmo Park-Humberlea,"Pelmo Park-Humberlea,Toronto,Ontario"
Pleasant View,"Pleasant View,Toronto,Ontario"
Rustic,"Rustic,Toronto,Ontario"
Teddington Park,"Teddington Park,Toronto,Ontario"
Victoria Village,"Victoria Village,Toronto,Ontario"
Westminster-Branson,"Westminster-Branson,Toronto,Ontario"
Willowdale,"Willowdale,Toronto,Ontario"
York Mills,"York Mills,Toronto,Ontario"
York University Heights,"York University Heights,Toronto,Ontario"
Alderwood,"Alderwood,Toronto,Ontario"
Clairville,"Clairville,Toronto,Ontario"
Eatonville,"Eatonville,Toronto,Ontario"
The Elms,"The Elms,Toronto,Ontario"
Eringate-Centennial-West Deane,"Eringate-Centennial-West Deane,Toronto,Ontario"
Humber Heights-Westmount,"Humber Heights-Westmount,Toronto,Ontario"
Humber Valley Village,"Humber Valley Village,Toronto,Ontario"
Humberwood,"Humberwood,Toronto,Ontario"
Islington-City Centre West,"Islington-City Centre West,Toronto,Ontario"
Kingsview Village,"Kingsview Village,Toronto,Ontario"
The Kingsway,"The Kingsway,Toronto,Ontario"
Long Branch,"Long Branch,Toronto,Ontario"
Markland Wood,"Markland Wood,Toronto,Ontario"
Mimico,"Mimico,Toronto,Ontario"
New Toronto,"New Toronto,Toronto,Ontario"
Princess Gardens,"Princess Gardens,Toronto,Ontario"
Rexdale,"Rexdale,Toronto,Ontario"
Richview,"Richview,Toronto,Ontario"
The Queensway-Humber Bay,"The Queensway-Humber Bay,Toronto,Ontario"
Smithfield,"Smithfield,Toronto,Ontario"
Thistletown,"Thistletown,Toronto,Ontario"
Bermondsey,"Bermondsey,Toronto,Ontario"
Crescent Town,"Crescent Town,Toronto,Ontario"
Governor's Bridge,"Governor's Bridge,Toronto,Ontario"
Leaside,"Leaside,Toronto,Ontario"
O'Connor-Parkview,"O'Connor-Parkview,Toronto,Ontario"
Old East York,"Old East York,Toronto,Ontario"
Pape Village,"Pape Village,Toronto,Ontario"
Thorncliffe Park,"Thorncliffe Park,Toronto,Ontario"
